<!DOCTYPE hibernate-configuration PUBLIC
        "-//Hibernate/Hibernate Configuration DTD 3.0//EN"
        "http://www.hibernate.org/dtd/hibernate-configuration-3.0.dtd">
        
<hibernate-configuration>
<session-factory>
    <property name="hibernate.connection.driver_class">com.mysql.cj.jdbc.Driver</property>
    <property name="hibernate.connection.url">jdbc:mysql://localhost:3306/neon</property>
    <property name="hibernate.connection.username">root</property>
    <property name="hibernate.connection.password">Root@123</property>
   
    <property name="hbm2ddl.auto">update</property>
    <property name="show_sql">true</property>
    
   
    </session-factory>
    </hibernate-configuration>